{
    "Main_kill_pv2": {
        "uuid": "b6a00fb0-460e-4323-96af-3ba2f48470ee",
        "total_limit_bytes": 0,
        "used_bytes": 0,
        "clean_ip": "speed.cloudflare.com",
        "status": "OFFLINE",
        "last_active_time": 0,
        "down_speed": 0,
        "up_speed": 0,
        "created_at": 1780172556,
        "expire_seconds": 31536000,
        "active": true
    },
    "TEST": {
        "uuid": "af289596-d3f5-433f-b1ef-21591b5af0fb",
        "total_limit_bytes": 214748364800,
        "used_bytes": 11734973,
        "clean_ip": "172.64.149.23",
        "status": "OFFLINE",
        "last_active_time": 1780172807.0580287,
        "down_speed": 0,
        "up_speed": 0,
        "created_at": 1780172729,
        "expire_seconds": 2592000,
        "active": true
    },
    "Hhh": {
        "uuid": "6cf47e56-ca0f-4080-aec8-1a628ea9ba6e",
        "total_limit_bytes": 214748364800,
        "used_bytes": 0,
        "clean_ip": "speed.cloudflare.com",
        "status": "OFFLINE",
        "last_active_time": 0,
        "down_speed": 0,
        "up_speed": 0,
        "created_at": 1780172773,
        "expire_seconds": 2592000,
        "active": true
    },
    "MR": {
        "uuid": "0f47a5c2-2425-4808-bc71-7361dd63f342",
        "total_limit_bytes": 38654705664,
        "used_bytes": 26848751847,
        "clean_ip": "172.64.149.23",
        "status": "OFFLINE",
        "last_active_time": 1780201954.9114988,
        "down_speed": 0,
        "up_speed": 0,
        "created_at": 1780173811,
        "expire_seconds": 2592000,
        "active": true
    },
    "HDJDHDHDDHU": {
        "uuid": "fa454d58-4acc-4869-b882-431ab75261b7",
        "total_limit_bytes": 14137058388642627584,
        "used_bytes": 2435842048,
        "clean_ip": "172.64.149.23",
        "status": "OFFLINE",
        "last_active_time": 0,
        "down_speed": 0,
        "up_speed": 0,
        "created_at": 1780174106,
        "expire_seconds": 2592000,
        "active": true
    },
    "admin": {
        "uuid": "bcc9b902-983b-45e4-829d-46a2dd6db3c9",
        "total_limit_bytes": 6442450944,
        "used_bytes": 5609140635,
        "clean_ip": "172.64.149.23",
        "status": "OFFLINE",
        "last_active_time": 1780218678.944078,
        "down_speed": 0,
        "up_speed": 0,
        "created_at": 1780175140,
        "expire_seconds": 2592000,
        "active": true
    },
    "DGDGGSGSG": {
        "uuid": "b6c1da7f-0a5d-426f-8eb3-0455c557d5d3",
        "total_limit_bytes": 4294967296,
        "used_bytes": 61043105,
        "clean_ip": "104.17.2.1",
        "status": "OFFLINE",
        "last_active_time": 1780202005.6270585,
        "down_speed": 0,
        "up_speed": 0,
        "created_at": 1780201945,
        "expire_seconds": 2592000,
        "active": true
    }
}